{
  "TickGateModulo": 10,
  "MaxSpawnsPerBlockTick": 2,
  "FaceSpawnChance": 0.55,
  "EdgeSpawnChance": 0.55,
  "MaxDistance": 32.0,
  "WallMinY": 0.15,
  "WallMaxY": 0.95,
  "DropSize": 0.3,
  "FaceClearance": 0.0005,
  "TopEdgeExtraOut": 0.02,
  "ColorR": 106,
  "ColorG": 195,
  "ColorB": 207,
  "DropAlpha": 255,
  "SplashAlpha": 235,
  "TrailAlpha": 235,
  "GravityConst": 9.81,
  "LifePaddingSeconds": 0.01,
  "TrailSegments": 10,
  "TrailLength": 0.85,
  "TrailSideJitter": 0.03,
  "WallSurfaceProbeIn": 0.22,
  "TrailMinSize": 0.12,
  "TrailMaxSize": 0.18,
  "SplashMinQty": 3,
  "SplashAddQty": 3,
  "SplashMinSize": 0.25,
  "SplashMaxSize": 0.4
}